Charactername,CharacterId,StabilityRate,Stability,AttackPower1,AttackPower100,MaxHP1,MaxHP100,DefensePower1,DefensePower100,HealPower1,HealPower100,Evasion,Accuracy,Crit Rate,Crit Res,Crit Damage,Crit Dmg Res,BlockRate,Recovery Rate,CC Strength,CC Res,DefensePenetration1,DefencePenetration100,AmmoCount,AmmoCost,IgnoreDelayCount,NormalAttackSpeed,Firing Range,InitialRangeRate,MoveSpeed,SightPoint,ActiveGauge,GroggyGauge,GroggyTime,StrategyMobility,ActionCount,StrategySightRange,DamageRatio,DamagedRatio,StreetBattleAdaptation,OutdoorBattleAdaptation,IndoorBattleAdaptation,RegenCost,EquipmentSlot1,EquipmentSlot2,EquipmentSlot3,UE,AttackPower1_UE,AttackPower100_UE,MaxHP1_UE,MaxHP100_UE,HealPower1_UE,HealPower100_UE,StatType,StatValue
Aru,10000,2000,1988,369,3690,2236,19390,19,119,1408,4225,201,905,201,100,20000,5000,0,10000,100,100,0,0,5,1,1,10000,750,8800,200,800,0,0,0,1,1,1,10000,10000,S,B,D,700,Hat,Hairpin,Watch,"['None', 'AruWeaponPassive01', 'None', 'None', 'None']",162,1621,561,5607,0,0,"['None', 'None', 'StreetBattleAdaptation_Base', 'None', 'None']","[0, 0, 1, 0, 0]"
Eimi,10001,2000,2044,113,1133,3066,51240,183,1103,1369,4107,234,586,195,100,20000,5000,0,10000,100,100,0,0,8,1,1,10000,350,8800,200,800,0,0,0,1,1,1,10000,10000,S,B,D,700,Shoes,Bag,Charm,"['None', 'EimiWeaponPassive01', 'None', 'None', 'None']",50,498,1452,14520,161,1609,"['None', 'None', 'StreetBattleAdaptation_Base', 'None', 'None']","[0, 0, 1, 0, 0]"
Haruna,10002,2000,1944,374,3747,2188,18970,19,116,1438,4314,205,924,205,100,20000,5000,0,10000,100,100,0,0,5,1,1,10000,750,8800,200,800,0,0,0,1,1,1,10000,10000,S,D,B,700,Hat,Hairpin,Watch,"['None', 'HarunaWeaponPassive01', 'None', 'None', 'None']",165,1646,549,5486,0,0,"['None', 'None', 'StreetBattleAdaptation_Base', 'None', 'None']","[0, 0, 1, 0, 0]"
Hifumi,10003,2000,1400,195,1953,2250,22500,20,120,1399,4199,799,699,199,100,20000,5000,0,10000,100,100,0,0,15,3,1,10000,650,8800,200,800,0,0,0,1,1,1,10000,10000,D,S,B,700,Shoes,Hairpin,Necklace,"['None', 'HihumiWeaponPassive01', 'None', 'None', 'None']",86,858,647,6470,0,0,"['None', 'None', 'OutdoorBattleAdaptation_Base', 'None', 'None']","[0, 0, 1, 0, 0]"
Hina,10004,2000,1404,254,2545,2258,19570,80,481,1394,4184,199,99,199,100,20000,5000,0,10000,100,100,0,0,49,7,1,10000,750,8800,200,800,0,0,0,1,1,1,10000,10000,S,C,C,700,Hat,Hairpin,Watch,"['None', 'HinaWeaponPassive01', 'None', 'None', 'None']",162,1621,821,8205,0,0,"['None', 'None', 'StreetBattleAdaptation_Base', 'None', 'None']","[0, 0, 1, 0, 0]"
Hoshino,10005,2000,1948,174,1749,2924,48880,175,1052,1435,4305,246,615,205,100,20000,5000,0,10000,100,100,0,0,8,1,1,10000,350,8800,200,800,0,0,0,1,1,1,10000,10000,D,S,B,700,Shoes,Bag,Charm,"['None', 'HoshinoWeaponPassive01', 'None', 'None', 'None']",77,768,1385,13851,169,1687,"['None', 'None', 'OutdoorBattleAdaptation_Base', 'None', 'None']","[0, 0, 1, 0, 0]"
Iori,10006,2000,2056,320,3204,2313,23140,20,123,1359,4079,194,874,194,100,20000,5000,0,10000,100,100,0,0,5,1,1,10000,650,8800,200,800,0,0,0,1,1,1,10000,10000,C,C,S,700,Hat,Hairpin,Watch,"['None', 'IoriWeaponPassive01', 'None', 'None', 'None']",77,774,366,3659,0,0,"['None', 'None', 'IndoorBattleAdaptation_Base', 'None', 'None']","[0, 0, 1, 0, 0]"
Maki,10007,2000,1424,226,2265,2288,19840,81,488,1375,4127,196,98,245,100,20000,5000,0,10000,100,100,0,0,45,3,1,10000,750,8800,200,800,0,0,0,1,1,1,10000,10000,C,S,C,700,Gloves,Hairpin,Watch,"['None', 'MakiWeaponPassive01', 'None', 'None', 'None']",100,996,574,5737,0,0,"['None', 'None', 'OutdoorBattleAdaptation_Base', 'None', 'None']","[0, 0, 1, 0, 0]"
Neru,10008,2000,1400,208,2081,2252,31230,17,105,1398,4194,958,99,274,100,20000,5000,0,10000,100,100,0,0,24,6,1,10000,450,8800,200,800,0,0,0,1,1,1,10000,10000,D,S,B,700,Hat,Badge,Charm,"['None', 'NeruWeaponPassive01', 'None', 'None', 'None']",91,914,889,8890,0,0,"['None', 'None', 'OutdoorBattleAdaptation_Base', 'None', 'None']","[0, 0, 1, 0, 0]"
Izumi,10009,2000,1428,195,1950,2295,19900,81,489,1371,4115,195,97,244,100,20000,5000,0,10000,100,100,0,0,45,3,1,10000,750,8800,200,800,0,0,0,1,1,1,10000,10000,S,D,B,700,Gloves,Hairpin,Watch,"['None', 'IzumiWeaponPassive01', 'None', 'None', 'None']",124,1241,834,8344,234,2338,"['None', 'None', 'StreetBattleAdaptation_Base', 'None', 'None']","[0, 0, 1, 0, 0]"
Shiroko,10010,2000,1384,278,2788,2225,22260,19,118,1414,4244,808,707,202,100,20000,5000,0,10000,100,100,0,0,15,3,1,10000,650,8800,200,800,0,0,0,1,1,1,10000,10000,S,B,D,700,Hat,Hairpin,Watch,"['None', 'ShirokoWeaponPassive01', 'None', 'None', 'None']",123,1226,640,6401,0,0,"['None', 'None', 'StreetBattleAdaptation_Base', 'None', 'None']","[0, 0, 1, 0, 0]"
Shun,10011,2000,1980,322,3224,2227,19310,19,118,1413,4241,201,908,252,100,20000,5000,0,10000,100,100,0,0,20,1,1,10000,750,8800,200,800,0,0,0,1,1,1,10000,10000,S,B,D,700,Gloves,Hairpin,Watch,"['None', 'ShunWeaponPassive01', 'None', 'None', 'None']",78,779,307,3071,0,0,"['None', 'None', 'StreetBattleAdaptation_Base', 'None', 'None']","[0, 0, 1, 0, 0]"
Sumire,10012,2000,2016,189,1894,2268,31460,121,726,1387,4163,198,594,198,100,20000,5000,0,10000,100,100,0,0,8,1,1,10000,450,8800,200,800,0,0,0,1,1,1,10000,10000,B,D,S,700,Hat,Bag,Charm,"['None', 'SumireWeaponPassive01', 'None', 'None', 'None']",83,832,896,8956,0,0,"['None', 'None', 'IndoorBattleAdaptation_Base', 'None', 'None']","[0, 0, 1, 0, 0]"
Tsurugi,10013,2000,2052,386,3864,2568,35590,138,832,1361,4085,175,642,243,100,20000,5000,0,10000,100,100,0,0,4,2,1,10000,450,8800,200,800,0,0,0,1,1,1,10000,10000,D,B,S,700,Gloves,Bag,Charm,"['None', 'TsurugiWeaponPassive01', 'None', 'None', 'None']",170,1698,1013,10131,160,1600,"['None', 'None', 'IndoorBattleAdaptation_Base', 'None', 'None']","[0, 0, 1, 0, 0]"
Izuna,10014,2000,1416,184,1846,2531,35080,22,136,1382,4147,1066,108,246,100,20000,5000,0,10000,100,100,0,0,15,3,1,10000,450,8800,200,800,0,0,0,1,1,1,10000,10000,S,B,D,700,Gloves,Hairpin,Watch,"['None', 'IzunaWeaponPassive01', 'None', 'None', 'None']",81,811,999,9986,0,0,"['None', 'None', 'StreetBattleAdaptation_Base', 'None', 'None']","[0, 0, 1, 0, 0]"
Aris,10015,2000,1188,421,4212,1912,14630,68,408,1610,4830,170,690,230,100,20000,5000,0,10000,100,100,0,0,10,1,1,10000,850,8800,200,800,0,0,0,1,1,1,10000,10000,B,D,S,700,Hat,Hairpin,Charm,"['None', 'ArisWeaponPassive01', 'None', 'None', 'None']",185,1850,425,4254,0,0,"['None', 'None', 'IndoorBattleAdaptation_Base', 'None', 'None']","[0, 0, 1, 0, 0]"
Midori,10016,2000,1972,315,3152,2222,19260,19,118,1417,4252,197,911,202,100,20000,5000,0,10000,100,100,0,0,5,1,1,10000,750,8800,200,800,0,0,0,1,1,1,10000,10000,B,S,D,700,Gloves,Hairpin,Watch,"['None', 'MidoriWeaponPassive01', 'None', 'None', 'None']",138,1384,557,5569,167,1666,"['None', 'None', 'OutdoorBattleAdaptation_Base', 'None', 'None']","[0, 0, 1, 0, 0]"
Cherino,10017,2000,980,172,1727,2211,25620,19,117,1423,4270,1081,101,203,100,20000,5000,0,10000,100,100,0,0,6,1,1,10000,550,8800,200,800,0,0,0,1,1,1,10000,10000,B,S,D,700,Shoes,Badge,Watch,"['None', 'CherinoWeaponPassive01', 'None', 'None', 'None']",76,759,733,7330,0,0,"['None', 'None', 'OutdoorBattleAdaptation_Base', 'None', 'None']","[0, 0, 1, 0, 0]"
Yuzu,10018,2000,976,356,3568,2197,21970,19,117,1432,4297,195,102,191,100,24000,5000,0,10000,100,100,0,0,1,1,1,10000,650,8800,200,800,0,0,0,1,1,1,10000,10000,S,B,D,700,Hat,Hairpin,Watch,"['None', 'YuzuWeaponPassive01', 'None', 'None', 'None']",227,2272,916,9161,0,0,"['None', 'None', 'StreetBattleAdaptation_Base', 'None', 'None']","[0, 0, 1, 0, 0]"
Azusa,10019,2000,1384,189,1894,2228,22280,19,118,1413,4240,792,706,201,100,20000,5000,0,10000,100,100,0,0,15,1,1,10000,650,8800,200,800,0,0,0,1,1,1,10000,10000,B,D,S,700,Gloves,Hairpin,Watch,"['None', 'CH0056WeaponPassive01', 'None', 'None', 'None']",83,832,641,6407,0,0,"['None', 'None', 'IndoorBattleAdaptation_Base', 'None', 'None']","[0, 0, 1, 0, 0]"
Koharu,10020,2000,1948,208,2085,2436,21120,24,146,2153,6461,194,923,205,100,20000,5000,0,10000,100,100,0,0,5,1,1,10000,750,8800,200,800,0,0,0,1,1,1,10000,10000,D,S,B,700,Hat,Hairpin,Necklace,"['None', 'CH0057WeaponPassive01', 'None', 'None', 'None']",92,916,611,6107,253,2531,"['None', 'None', 'OutdoorBattleAdaptation_Base', 'None', 'None']","[0, 0, 1, 0, 0]"
Azusa (swimsuit),10021,2000,1224,211,2111,1967,19670,17,104,1575,4726,699,787,225,100,20000,5000,0,10000,100,100,0,0,15,1,1,10000,650,8800,200,800,0,0,0,1,1,1,10000,10000,C,C,S,700,Gloves,Hairpin,Watch,"['None', 'CH0059WeaponPassive01', 'None', 'None', 'None']",93,928,566,5656,0,0,"['None', 'None', 'IndoorBattleAdaptation_Base', 'None', 'None']","[0, 0, 1, 0, 0]"
Hina (swimsuit),10022,2000,1364,300,3001,2194,19020,78,468,1434,4302,195,102,204,100,20000,5000,0,10000,100,100,0,0,35,7,1,10000,750,8800,200,800,0,0,0,1,1,1,10000,10000,B,S,D,700,Hat,Hairpin,Watch,"['None', 'CH0063WeaponPassive01', 'None', 'None', 'None']",132,1318,550,5500,0,0,"['None', 'None', 'OutdoorBattleAdaptation_Base', 'None', 'None']","[0, 0, 1, 0, 0]"
Iori (swimsuit),10023,2000,1784,351,3511,2010,17430,17,107,1548,4646,178,995,221,100,20000,5000,0,10000,100,100,0,0,5,1,1,10000,750,8800,200,800,0,0,0,1,1,1,10000,10000,B,S,D,700,Shoes,Badge,Watch,"['None', 'CH0064WeaponPassive01', 'None', 'None', 'None']",154,1542,504,5040,0,0,"['None', 'None', 'OutdoorBattleAdaptation_Base', 'None', 'None']","[0, 0, 1, 0, 0]"
Shiroko (ridingsuit),10024,2000,1316,288,2889,2115,21160,18,112,1483,4449,752,741,211,100,20000,5000,0,10000,100,100,0,0,15,3,1,10000,650,8800,200,800,0,0,0,1,1,1,10000,10000,S,B,D,700,Gloves,Badge,Watch,"['None', 'CH0065WeaponPassive01', 'None', 'None', 'None']",127,1269,608,6084,0,0,"['None', 'None', 'StreetBattleAdaptation_Base', 'None', 'None']","[0, 0, 1, 0, 0]"
Shun (kid),10025,2000,1992,419,4192,2244,19460,19,119,1403,4209,199,902,200,100,20000,5000,0,10000,100,100,0,0,5,1,1,10000,750,8800,200,800,0,0,0,1,1,1,10000,10000,S,D,B,700,Hat,Hairpin,Watch,"['None', 'CH0066WeaponPassive01', 'None', 'None', 'None']",184,1841,563,5627,0,0,"['None', 'None', 'StreetBattleAdaptation_Base', 'None', 'None']","[0, 0, 1, 0, 0]"
Neru (bunnygirl),10026,2000,1264,151,1515,2714,37630,27,162,1533,4599,1303,109,219,100,20000,5000,0,10000,100,100,0,0,40,10,1,10000,450,8800,200,800,0,0,0,1,1,1,10000,10000,B,S,D,700,Shoes,Bag,Charm,"['None', 'CH0101WeaponPassive01', 'None', 'None', 'None']",67,666,1071,10711,180,1802,"['None', 'None', 'OutdoorBattleAdaptation_Base', 'None', 'None']","[0, 0, 1, 0, 0]"
Karin (bunnygirl),10027,2000,2000,344,3446,2252,19530,20,120,1398,4194,200,898,199,100,20000,5000,0,10000,100,100,0,0,5,1,1,10000,750,8800,200,800,0,0,0,1,1,1,10000,10000,D,B,S,700,Hat,Hairpin,Watch,"['None', 'CH0100WeaponPassive01', 'None', 'None', 'None']",151,1513,565,5647,0,0,"['None', 'None', 'IndoorBattleAdaptation_Base', 'None', 'None']","[0, 0, 1, 0, 0]"
Asuna (bunnygirl),10028,2000,1324,203,2038,2131,21310,18,113,1473,4421,757,736,210,100,20000,5000,0,10000,100,100,0,0,15,3,1,10000,650,8800,200,800,0,0,0,1,1,1,10000,10000,D,B,S,700,Gloves,Badge,Watch,"['None', 'CH0098WeaponPassive01', 'None', 'None', 'None']",90,896,613,6128,0,0,"['None', 'None', 'IndoorBattleAdaptation_Base', 'None', 'None']","[0, 0, 1, 0, 0]"
Natsu,10029,2000,1100,141,1416,2532,42330,165,991,1515,4545,220,108,216,100,20000,5000,0,10000,100,100,0,0,35,7,1,10000,350,8800,200,800,0,0,0,1,1,1,10000,10000,D,B,S,700,Shoes,Bag,Charm,"['None', 'CH0155WeaponPassive01', 'None', 'None', 'None']",62,622,1200,11996,178,1781,"['None', 'None', 'IndoorBattleAdaptation_Base', 'None', 'None']","[0, 0, 1, 0, 0]"
Chinatsu (onsen),10030,2000,908,111,1116,2050,20500,18,109,1524,4572,1002,108,217,100,20000,5000,0,10000,100,100,0,0,10,1,1,10000,650,8800,200,800,0,0,0,1,1,1,10000,10000,D,B,S,700,Shoes,Badge,Charm,"['None', 'CH0163WeaponPassive01', 'None', 'None', 'None']",49,490,590,5896,0,0,"['None', 'None', 'IndoorBattleAdaptation_Base', 'None', 'None']","[0, 0, 1, 0, 0]"
Aru (newyear),10031,2000,1976,316,3160,2225,19300,19,118,1414,4244,197,909,202,100,20000,5000,0,10000,100,100,0,0,5,1,1,10000,750,8800,200,800,0,0,0,1,1,1,10000,10000,D,B,S,700,Hat,Hairpin,Watch,"['None', 'CH0084WeaponPassive01', 'None', 'None', 'None']",139,1388,558,5581,0,0,"['None', 'None', 'IndoorBattleAdaptation_Base', 'None', 'None']","[0, 0, 1, 0, 0]"
Mutsuki (newyear),10032,2000,1328,372,3725,2138,18540,76,456,1469,4407,190,104,209,100,20000,5000,0,10000,100,100,0,0,25,5,1,10000,750,8800,200,800,0,0,0,1,1,1,10000,10000,D,S,B,700,Gloves,Badge,Watch,"['None', 'CH0085WeaponPassive01', 'None', 'None', 'None']",164,1636,536,5361,0,0,"['None', 'None', 'OutdoorBattleAdaptation_Base', 'None', 'None']","[0, 0, 1, 0, 0]"
Wakamo,10033,2000,1976,349,3498,2226,19310,19,118,1414,4242,197,909,202,100,20000,5000,0,10000,100,100,0,0,5,1,1,10000,750,8800,200,800,0,0,0,1,1,1,10000,10000,A,D,S,700,Hat,Hairpin,Watch,"['None', 'CH0111WeaponPassive01', 'None', 'None', 'None']",154,1536,558,5583,0,0,"['None', 'None', 'IndoorBattleAdaptation_Base', 'None', 'None']","[0, 0, 1, 0, 0]"
Mimori,10034,2000,948,134,1347,2133,24720,18,113,1471,4415,1043,105,210,100,20000,5000,0,10000,100,100,0,0,6,2,1,10000,550,8800,200,800,0,0,0,1,1,1,10000,10000,S,D,B,700,Gloves,Bag,Necklace,"['None', 'CH0115WeaponPassive01', 'None', 'None', 'None']",59,592,707,7073,173,1730,"['None', 'None', 'StreetBattleAdaptation_Base', 'None', 'None']","[0, 0, 1, 0, 0]"
Miyako,10038,2000,1272,129,1299,2733,45680,27,164,1524,4572,1312,108,217,100,20000,5000,0,10000,100,100,0,0,40,5,1,10000,350,8800,200,800,0,0,0,1,1,1,10000,10000,S,D,B,700,Shoes,Badge,Charm,"['None', 'CH0142WeaponPassive01', 'None', 'None', 'None']",57,571,1294,12944,0,0,"['None', 'None', 'StreetBattleAdaptation_Base', 'None', 'None']","[0, 0, 1, 0, 0]"
Miyu,10039,2000,1888,264,2645,2127,18450,18,113,1475,4427,189,948,210,100,20000,5000,0,10000,100,100,0,0,5,1,1,10000,750,8800,200,800,0,0,0,1,1,1,10000,10000,S,B,D,700,Gloves,Hairpin,Watch,"['None', 'CH0145WeaponPassive01', 'None', 'None', 'None']",112,1119,534,5335,0,0,"['None', 'None', 'StreetBattleAdaptation_Base', 'None', 'None']","[0, 0, 1, 0, 0]"
Tsukuyo,10040,2000,1268,134,1341,2722,45510,27,163,1529,4587,1307,109,218,100,20000,5000,0,10000,100,100,0,0,32,4,1,10000,350,8800,200,800,0,0,0,1,1,1,10000,10000,B,D,S,700,Shoes,Badge,Charm,"['None', 'CH0114WeaponPassive01', 'None', 'None', 'None']",59,589,1290,12896,180,1797,"['None', 'None', 'IndoorBattleAdaptation_Base', 'None', 'None']","[0, 0, 1, 0, 0]"
Misaki,10041,2000,988,549,5495,2231,17060,19,119,1411,4234,198,756,252,100,20000,5000,0,10000,100,100,0,0,2,1,1,10000,850,8800,200,800,0,0,0,1,1,1,10000,10000,B,D,S,700,Gloves,Hairpin,Watch,"['None', 'CH0105WeaponPassive01', 'None', 'None', 'None']",241,2414,496,4960,0,0,"['None', 'None', 'IndoorBattleAdaptation_Base', 'None', 'None']","[0, 0, 1, 0, 0]"
Atsuko,10042,2000,1284,136,1368,2751,46000,27,165,1515,4546,1321,108,216,100,20000,5000,0,10000,100,100,0,0,15,3,1,10000,350,8800,200,800,0,0,0,1,1,1,10000,10000,B,D,S,700,Shoes,Badge,Necklace,"['None', 'CH0104WeaponPassive01', 'None', 'None', 'None']",60,601,1304,13035,178,1781,"['None', 'None', 'IndoorBattleAdaptation_Base', 'None', 'None']","[0, 0, 1, 0, 0]"
Akane,13000,2000,980,98,983,2208,25590,19,117,1425,4276,1119,101,203,100,20000,5000,0,10000,100,100,0,0,6,1,1,10000,550,8800,200,800,0,0,0,1,1,1,10000,10000,A,A,D,700,Shoes,Hairpin,Necklace,"['None', 'AkaneWeaponPassive01', 'None', 'None', 'None']",39,389,659,6590,0,0,"['None', 'None', 'IndoorBattleAdaptation_Base', 'None', 'None']","[0, 0, 2, 0, 0]"
Chise,13001,2000,1000,222,2220,2256,22560,20,120,1396,4188,199,99,249,100,20000,5000,0,10000,100,100,0,0,6,1,1,10000,650,8800,200,800,0,0,0,1,1,1,10000,10000,A,D,A,700,Gloves,Hairpin,Watch,"['None', 'ChiseWeaponPassive01', 'None', 'None', 'None']",88,878,584,5838,0,0,"['None', 'None', 'OutdoorBattleAdaptation_Base', 'None', 'None']","[0, 0, 2, 0, 0]"
Akari,13002,2000,1400,275,2754,2252,22530,20,120,1397,4193,798,698,199,100,20000,5000,0,10000,100,100,0,0,15,3,1,10000,650,8800,200,800,0,0,0,1,1,1,10000,10000,A,B,B,700,Hat,Hairpin,Watch,"['None', 'AkariWeaponPassive01', 'None', 'None', 'None']",109,1089,583,5830,0,0,"['None', 'None', 'OutdoorBattleAdaptation_Base', 'None', 'None']","[0, 0, 1, 0, 0]"
Hasumi,13003,2000,2004,342,3426,2256,19560,20,120,1395,4186,199,897,199,100,20000,5000,0,10000,100,100,0,0,5,1,1,10000,750,8800,200,800,0,0,0,1,1,1,10000,10000,B,A,B,700,Hat,Hairpin,Watch,"['None', 'HasumiWeaponPassive01', 'None', 'None', 'None']",197,1966,738,7381,0,0,"['None', 'None', 'StreetBattleAdaptation_Base', 'None', 'None']","[0, 0, 1, 0, 0]"
Nonomi,13004,2000,1408,263,2631,2264,19630,80,483,1390,4172,198,99,198,100,20000,5000,0,10000,100,100,0,0,50,5,1,10000,750,8800,200,800,0,0,0,1,1,1,10000,10000,A,A,D,700,Hat,Hairpin,Watch,"['None', 'NonomiWeaponPassive01', 'None', 'None', 'None']",104,1040,511,5108,0,0,"['None', 'None', 'IndoorBattleAdaptation_Base', 'None', 'None']","[0, 0, 2, 0, 0]"
Kayoko,13005,2000,1008,105,1053,2272,26330,20,121,1385,4156,1088,98,197,100,20000,5000,0,10000,100,100,0,0,15,1,1,10000,550,8800,200,800,0,0,0,1,1,1,10000,10000,A,D,A,700,Shoes,Hairpin,Necklace,"['None', 'KayokoWeaponPassive01', 'None', 'None', 'None']",42,416,678,6780,0,0,"['None', 'None', 'OutdoorBattleAdaptation_Base', 'None', 'None']","[0, 0, 2, 0, 0]"
Mutsuki,13006,2000,1404,190,1900,2259,19590,80,482,1393,4181,199,99,199,100,20000,5000,0,10000,100,100,0,0,45,3,1,10000,750,8800,200,800,0,0,0,1,1,1,10000,10000,A,A,D,700,Hat,Hairpin,Watch,"['None', 'MutsukiWeaponPassive01', 'None', 'None', 'None']",75,752,510,5098,0,0,"['None', 'None', 'IndoorBattleAdaptation_Base', 'None', 'None']","[0, 0, 2, 0, 0]"
Junko,13007,2000,1408,274,2741,2264,22640,20,120,1391,4173,794,695,198,100,20000,5000,0,10000,100,100,0,0,15,3,1,10000,650,8800,200,800,0,0,0,1,1,1,10000,10000,B,A,B,700,Hat,Hairpin,Watch,"['None', 'ZunkoWeaponPassive01', 'None', 'None', 'None']",108,1084,586,5859,0,0,"['None', 'None', 'IndoorBattleAdaptation_Base', 'None', 'None']","[0, 0, 1, 0, 0]"
Serika,13008,2000,1364,282,2829,2192,21920,19,116,1435,4307,820,717,256,100,20000,5000,0,10000,100,100,0,0,15,3,1,10000,650,8800,200,800,0,0,0,1,1,1,10000,10000,A,D,A,700,Gloves,Hairpin,Watch,"['None', 'SerikaWeaponPassive01', 'None', 'None', 'None']",112,1118,567,5673,0,0,"['None', 'None', 'OutdoorBattleAdaptation_Base', 'None', 'None']","[0, 0, 2, 0, 0]"
Tsubaki,13009,2000,1420,171,1719,3048,50940,30,182,1377,4132,1416,98,196,100,20000,5000,0,10000,100,100,0,0,9,3,1,10000,350,8800,200,800,0,0,0,1,1,1,10000,10000,A,A,D,700,Shoes,Bag,Charm,"['None', 'TsubakiWeaponPassive01', 'None', 'None', 'None']",37,374,715,7145,80,801,"['None', 'None', 'IndoorBattleAdaptation_Base', 'None', 'None']","[0, 0, 2, 0, 0]"
Yuuka,13010,2000,1396,108,1084,2997,50100,29,179,1400,4202,1440,100,200,100,20000,5000,0,10000,100,100,0,0,27,3,1,10000,350,8800,200,800,0,0,0,1,1,1,10000,10000,B,B,A,700,Shoes,Badge,Charm,"['None', 'YuukaWeaponPassive01', 'None', 'None', 'None']",43,429,1278,12777,148,1482,"['None', 'None', 'StreetBattleAdaptation_Base', 'None', 'None']","[0, 0, 1, 0, 0]"
Momoi,13011,2000,1436,211,2118,2310,23100,20,123,1362,4086,821,681,194,100,20000,5000,0,10000,100,100,0,0,15,3,1,10000,650,8800,200,800,0,0,0,1,1,1,10000,10000,A,A,D,700,Shoes,Hairpin,Watch,"['None', 'MomoiWeaponPassive01', 'None', 'None', 'None']",84,837,598,5978,0,0,"['None', 'None', 'IndoorBattleAdaptation_Base', 'None', 'None']","[0, 0, 2, 0, 0]"
Kirino,13012,2000,904,112,1126,2035,23580,18,108,1533,4599,995,109,219,100,20000,5000,0,10000,100,100,0,0,5,1,1,10000,550,8800,200,800,0,0,0,1,1,1,10000,10000,D,A,A,700,Shoes,Badge,Charm,"['None', 'CH0140WeaponPassive01', 'None', 'None', 'None']",45,446,607,6072,0,0,"['None', 'None', 'StreetBattleAdaptation_Base', 'None', 'None']","[0, 0, 2, 0, 0]"
Haruka,16000,2000,2020,116,1164,3033,50710,182,1092,1384,4152,237,593,197,100,20000,5000,0,10000,100,100,0,0,8,1,1,10000,350,8800,200,800,0,0,0,1,1,1,10000,10000,C,B,A,700,Shoes,Bag,Charm,"['None', 'HarukaWeaponPassive01', 'None', 'None', 'None']",59,593,1667,16669,0,0,"['None', 'None', 'StreetBattleAdaptation_Base', 'None', 'None']","[0, 0, 1, 0, 0]"
Asuna,16001,2000,1436,266,2661,2309,23090,20,123,1362,4088,778,681,243,100,20000,5000,0,10000,100,100,0,0,15,3,1,10000,650,8800,200,800,0,0,0,1,1,1,10000,10000,B,B,B,700,Gloves,Hairpin,Watch,"['None', 'AsunaWeaponPassive01', 'None', 'None', 'None']",94,936,531,5312,0,0,"['None', 'None', 'StreetBattleAdaptation_Base', 'None', 'None']","[0, 0, 1, 0, 0]"
Kotori,16002,2000,1404,186,1865,2262,19610,80,482,1392,4176,198,99,198,100,20000,5000,0,10000,100,100,0,0,50,5,1,10000,750,8800,200,800,0,0,0,1,1,1,10000,10000,B,B,B,700,Shoes,Hairpin,Necklace,"['None', 'KotoriWeaponPassive01', 'None', 'None', 'None']",66,656,454,4536,131,1309,"['None', 'None', 'OutdoorBattleAdaptation_Base', 'None', 'None']","[0, 0, 1, 0, 0]"
Suzumi,16003,2000,1416,192,1926,2281,22810,20,121,1380,4141,788,690,197,100,20000,5000,0,10000,100,100,0,0,15,3,1,10000,650,8800,200,800,0,0,0,1,1,1,10000,10000,B,B,B,700,Shoes,Hairpin,Necklace,"['None', 'SuzumiWeaponPassive01', 'None', 'None', 'None']",68,677,525,5247,0,0,"['None', 'None', 'StreetBattleAdaptation_Base', 'None', 'None']","[0, 0, 1, 0, 0]"
Pina,16004,2000,1432,253,2538,2305,19990,81,491,1365,4095,195,97,243,100,20000,5000,0,10000,100,100,0,0,50,5,1,10000,750,8800,200,800,0,0,0,1,1,1,10000,10000,A,B,C,700,Gloves,Hairpin,Watch,"['None', 'PinaWeaponPassive01', 'None', 'None', 'None']",89,892,462,4624,128,1284,"['None', 'None', 'IndoorBattleAdaptation_Base', 'None', 'None']","[0, 0, 1, 0, 0]"
Tsurugi (swimsuit),16005,2000,2028,345,3453,2536,35160,136,821,1379,4138,182,650,246,100,20000,5000,0,10000,100,100,0,0,4,2,1,10000,450,8800,200,800,0,0,0,1,1,1,10000,10000,B,C,A,700,Shoes,Bag,Charm,"['None', 'CH0060WeaponPassive01', 'None', 'None', 'None']",121,1213,801,8007,0,0,"['None', 'None', 'OutdoorBattleAdaptation_Base', 'None', 'None']","[0, 0, 1, 0, 0]"
Izumi (swimsuit),16006,2000,1344,232,2327,2160,18730,76,460,1455,4367,192,103,207,100,20000,5000,0,10000,100,100,0,0,25,5,1,10000,750,8800,200,800,0,0,0,1,1,1,10000,10000,B,A,C,700,Shoes,Bag,Necklace,"['None', 'CH0062WeaponPassive01', 'None', 'None', 'None']",92,920,487,4874,0,0,"['None', 'None', 'IndoorBattleAdaptation_Base', 'None', 'None']","[0, 0, 1, 0, 0]"
Tomoe,16007,2000,1900,260,2608,2139,18540,19,114,1468,4406,190,944,209,100,20000,5000,0,10000,100,100,0,0,5,1,1,10000,750,8800,200,800,0,0,0,1,1,1,10000,10000,C,B,A,700,Gloves,Badge,Watch,"['None', 'TomoeWeaponPassive01', 'None', 'None', 'None']",92,923,429,4289,0,0,"['None', 'None', 'StreetBattleAdaptation_Base', 'None', 'None']","[0, 0, 2, 0, 0]"
Fubuki,16008,2000,1980,247,2476,2229,19330,19,118,1412,4237,198,908,252,100,20000,5000,0,10000,100,100,0,0,15,3,1,10000,750,8800,200,800,0,0,0,1,1,1,10000,10000,A,B,C,700,Hat,Hairpin,Watch,"['None', 'CH0141WeaponPassive01', 'None', 'None', 'None']",87,870,447,4471,0,0,"['None', 'None', 'IndoorBattleAdaptation_Base', 'None', 'None']","[0, 0, 2, 0, 0]"
Michiru,16009,2000,1976,276,2767,2223,30820,118,711,1416,4249,197,607,202,100,20000,5000,0,10000,100,100,0,0,4,2,1,10000,450,8800,200,800,0,0,0,1,1,1,10000,10000,B,B,B,700,Hat,Hairpin,Watch,"['None', 'CH0113WeaponPassive01', 'None', 'None', 'None']",97,972,702,7018,0,0,"['None', 'None', 'IndoorBattleAdaptation_Base', 'None', 'None']","[0, 0, 1, 0, 0]"
Hibiki,20000,2000,1141,246,2463,2237,16721,79,477,1618,4856,201,100,201,100,20000,5000,0,10000,100,100,0,0,5,1,1,10000,1000,8800,200,1000,0,0,0,1,1,1,10000,10000,S,B,B,700,Hat,Hairpin,Watch,"['None', 'HibikiWeaponPassive01', 'None', 'None', 'None']",60,595,268,2677,105,1046,"['None', 'None', 'StreetBattleAdaptation_Base', 'None', 'None']","[0, 0, 1, 0, 0]"
Karin,20001,2000,2364,276,2762,2314,17308,20,123,1563,4689,194,873,194,100,20000,5000,0,10000,100,100,0,0,5,1,1,10000,1000,8800,200,1000,0,0,0,1,1,1,10000,10000,D,S,B,700,Hat,Hairpin,Watch,"['None', 'KarinWeaponPassive01', 'None', 'None', 'None']",121,1213,504,5037,184,1837,"['None', 'None', 'OutdoorBattleAdaptation_Base', 'None', 'None']","[0, 0, 1, 0, 0]"
Saya,20002,2000,1168,194,1941,2288,17101,20,122,1581,4745,1080,98,245,100,20000,5000,0,10000,100,100,0,0,15,1,1,10000,1000,8800,200,1000,0,0,0,1,1,1,10000,10000,B,D,S,700,Gloves,Hairpin,Watch,"['None', 'SayaWeaponPassive01', 'None', 'None', 'None']",85,853,498,4977,186,1859,"['None', 'None', 'IndoorBattleAdaptation_Base', 'None', 'None']","[0, 0, 1, 0, 0]"
Mashiro,20003,2000,2300,284,2845,2250,21034,20,120,1610,4830,200,900,200,100,20000,5000,0,10000,100,100,0,0,8,1,1,10000,1000,8800,200,1000,0,0,0,1,1,1,10000,10000,B,S,D,700,Hat,Hairpin,Watch,"['None', 'MashiroWeaponPassive01', 'None', 'None', 'None']",125,1250,606,6064,189,1892,"['None', 'None', 'OutdoorBattleAdaptation_Base', 'None', 'None']","[0, 0, 1, 0, 0]"
Mashiro (swimsuit),20004,2000,2024,318,3182,1982,14824,17,105,1801,5403,176,1006,223,100,20000,5000,0,10000,100,100,0,0,5,1,1,10000,1000,8800,200,800,0,0,0,1,1,1,10000,10000,B,S,D,700,Hat,Hairpin,Watch,"['None', 'CH0061WeaponPassive01', 'None', 'None', 'None']",140,1398,432,4316,212,2117,"['None', 'None', 'OutdoorBattleAdaptation_Base', 'None', 'None']","[0, 0, 1, 0, 0]"
Hifumi (swimsuit),20005,2000,1546,276,2768,2164,16181,19,115,1671,5013,769,726,259,100,20000,5000,0,10000,100,100,0,0,5,1,1,10000,1000,8800,200,800,0,0,0,1,1,1,10000,10000,D,B,S,700,Hat,Hairpin,Watch,"['None', 'CH0058WeaponPassive01', 'None', 'None', 'None']",176,1763,683,6830,285,2848,"['None', 'None', 'IndoorBattleAdaptation_Base', 'None', 'None']","[0, 0, 1, 0, 0]"
Saya (casual),20006,2000,1090,207,2076,2135,15962,18,113,1691,5075,759,420,262,100,20000,5000,0,10000,100,100,0,0,5,1,1,10000,1000,8800,200,800,0,0,0,1,1,1,10000,10000,D,S,B,700,Gloves,Hairpin,Watch,"['None', 'CH0133WeaponPassive01', 'None', 'None', 'None']",91,912,465,4646,199,1988,"['None', 'None', 'OutdoorBattleAdaptation_Base', 'None', 'None']","[0, 0, 1, 0, 0]"
Miku,20007,2000,1040,183,1839,2035,15215,18,108,1762,5288,181,109,218,100,20000,5000,0,10000,100,100,0,0,5,1,1,10000,1000,8800,200,800,0,0,0,1,1,1,10000,10000,S,D,B,700,Shoes,Badge,Necklace,"['None', 'CH9999WeaponPassive01', 'None', 'None', 'None']",81,808,443,4429,207,2072,"['None', 'None', 'StreetBattleAdaptation_Base', 'None', 'None']","[0, 0, 1, 0, 0]"
Ako,20008,2000,1086,147,1477,2124,15882,18,113,1699,5097,1039,105,211,100,20000,5000,0,10000,100,100,0,0,8,1,1,10000,1000,8800,200,800,0,0,0,1,1,1,10000,10000,D,B,S,700,Gloves,Badge,Necklace,"['None', 'CH0083WeaponPassive01', 'None', 'None', 'None']",65,649,462,4622,200,1997,"['None', 'None', 'IndoorBattleAdaptation_Base', 'None', 'None']","[0, 0, 1, 0, 0]"
Cherino (onsen),20009,2000,1136,199,1995,2226,16641,19,118,1626,4878,1088,101,252,100,20000,5000,0,10000,100,100,0,0,6,1,1,10000,1000,8800,200,800,0,0,0,1,1,1,10000,10000,S,B,D,700,Hat,Hairpin,Watch,"['None', 'CH0164WeaponPassive01', 'None', 'None', 'None']",88,876,484,4844,0,0,"['None', 'None', 'StreetBattleAdaptation_Base', 'None', 'None']","[0, 0, 1, 0, 0]"
Nodoka (onsen),20010,2000,1472,160,1607,2289,17112,22,137,2617,7853,1099,108,216,100,20000,5000,0,10000,100,100,0,0,15,3,1,10000,1000,8800,200,800,0,0,0,1,1,1,10000,10000,B,D,S,700,Shoes,Hairpin,Necklace,"['None', 'CH0165WeaponPassive01', 'None', 'None', 'None']",71,706,498,4981,308,3077,"['None', 'None', 'IndoorBattleAdaptation_Base', 'None', 'None']","[0, 0, 1, 0, 0]"
Serika (newyear),20011,2000,1463,206,2061,2044,23506,18,109,1756,5270,727,763,218,100,20000,5000,0,10000,100,100,0,0,15,3,1,10000,1000,8800,200,800,0,0,0,1,1,1,10000,10000,C,C,S,700,Shoes,Bag,Watch,"['None', 'CH0090WeaponPassive01', 'None', 'None', 'None']",91,906,673,6727,0,0,"['None', 'None', 'IndoorBattleAdaptation_Base', 'None', 'None']","[0, 0, 1, 0, 0]"
Sena,20012,2000,1053,151,1516,2062,15410,18,110,1743,5231,1008,108,216,100,20000,5000,0,10000,100,100,0,0,1,1,1,10000,1000,8800,200,800,0,0,0,1,1,1,10000,10000,B,S,D,700,Shoes,Hairpin,Necklace,"['None', 'CH0081WeaponPassive01', 'None', 'None', 'None']",67,666,449,4485,205,2049,"['None', 'None', 'OutdoorBattleAdaptation_Base', 'None', 'None']","[0, 0, 1, 0, 0]"
Chihiro,20013,2000,1587,270,2701,2221,16595,19,118,1630,4891,789,708,202,100,20000,5000,0,10000,100,100,0,0,1,1,1,10000,1000,8800,200,800,0,0,0,1,1,1,10000,10000,S,D,B,700,Hat,Badge,Necklace,"['None', 'CH0160WeaponPassive01', 'None', 'None', 'None']",119,1187,483,4830,0,0,"['None', 'None', 'StreetBattleAdaptation_Base', 'None', 'None']","[0, 0, 1, 0, 0]"
Saki,20014,2000,1582,288,2887,2216,16572,78,472,1633,4900,197,101,202,100,20000,5000,0,10000,100,100,0,0,1,1,1,10000,1000,8800,200,800,0,0,0,1,1,1,10000,10000,S,D,B,700,Hat,Bag,Necklace,"['None', 'CH0144WeaponPassive01', 'None', 'None', 'None']",127,1268,482,4823,0,0,"['None', 'None', 'StreetBattleAdaptation_Base', 'None', 'None']","[0, 0, 1, 0, 0]"
Kaede,20015,2000,1090,147,1472,2133,15939,18,113,1693,5080,1042,105,210,100,20000,5000,0,10000,100,100,0,0,5,1,1,10000,1000,8800,200,800,0,0,0,1,1,1,10000,10000,S,D,B,700,Shoes,Bag,Necklace,"['None', 'CH0116WeaponPassive01', 'None', 'None', 'None']",65,647,464,4639,199,1990,"['None', 'None', 'StreetBattleAdaptation_Base', 'None', 'None']","[0, 0, 1, 0, 0]"
Iroha,20016,2000,2309,275,2753,2259,16882,20,120,1602,4808,200,896,248,100,20000,5000,0,10000,100,100,0,0,8,1,1,10000,1000,8800,200,800,0,0,0,1,1,1,10000,10000,D,B,S,700,Hat,Badge,Watch,"['None', 'CH0156WeaponPassive01', 'None', 'None', 'None']",121,1209,491,4914,0,0,"['None', 'None', 'IndoorBattleAdaptation_Base', 'None', 'None']","[0, 0, 1, 0, 0]"
Hiyori,20017,2000,2171,212,2126,2125,15882,18,113,1698,5096,188,949,211,100,20000,5000,0,10000,100,100,0,0,5,1,1,10000,1000,8800,200,800,0,0,0,1,1,1,10000,10000,B,D,S,700,Gloves,Bag,Watch,"['None', 'CH0106WeaponPassive01', 'None', 'None', 'None']",93,934,462,4622,0,0,"['None', 'None', 'IndoorBattleAdaptation_Base', 'None', 'None']","[0, 0, 1, 0, 0]"
Airi,23000,2000,1615,167,1674,2256,16859,20,120,1605,4815,1196,99,199,100,20000,5000,0,10000,100,100,0,0,4,1,1,10000,1000,8800,200,1000,0,0,0,1,1,1,10000,10000,A,D,A,700,Shoes,Hairpin,Necklace,"['None', 'AiriWeaponPassive01', 'None', 'None', 'None']",66,662,442,4416,170,1698,"['None', 'None', 'OutdoorBattleAdaptation_Base', 'None', 'None']","[0, 0, 2, 0, 0]"
Fuuka,23001,2000,1638,145,1454,2546,19033,25,152,2370,7110,1177,98,196,100,20000,5000,0,10000,100,100,0,0,4,1,1,10000,1000,8800,200,1000,0,0,0,1,1,1,10000,10000,A,A,D,700,Shoes,Hairpin,Necklace,"['None', 'FuukaWeaponPassive01', 'None', 'None', 'None']",58,576,499,4986,251,2507,"['None', 'None', 'IndoorBattleAdaptation_Base', 'None', 'None']","[0, 0, 2, 0, 0]"
Hanae,23002,2000,1647,162,1625,2562,19148,25,153,2354,7064,780,682,195,100,20000,5000,0,10000,100,100,0,0,8,1,1,10000,1000,8800,200,1000,0,0,0,1,1,1,10000,10000,A,D,A,700,Shoes,Hairpin,Necklace,"['None', 'HanaeWeaponPassive01', 'None', 'None', 'None']",64,642,502,5016,249,2491,"['None', 'None', 'OutdoorBattleAdaptation_Base', 'None', 'None']","[0, 0, 2, 0, 0]"
Hare,23003,2000,1573,192,1927,2204,16468,19,117,1642,4928,816,714,204,100,20000,5000,0,10000,100,100,0,0,30,1,1,10000,1000,8800,200,1000,0,0,0,1,1,1,10000,10000,A,B,B,700,Shoes,Hairpin,Necklace,"['None', 'HareWeaponPassive01', 'None', 'None', 'None']",76,762,431,4314,174,1738,"['None', 'None', 'IndoorBattleAdaptation_Base', 'None', 'None']","[0, 0, 1, 0, 0]"
Utaha,23004,2000,1638,232,2324,2294,17147,20,122,1578,4735,1176,98,245,100,20000,5000,0,10000,100,100,0,0,24,6,1,10000,1000,8800,200,1000,0,0,0,1,1,1,10000,10000,A,D,A,700,Gloves,Hairpin,Watch,"['None', 'UtahaWeaponPassive01', 'None', 'None', 'None']",92,919,449,4492,167,1669,"['None', 'None', 'OutdoorBattleAdaptation_Base', 'None', 'None']","[0, 0, 2, 0, 0]"
Ayane,23005,2000,1178,120,1204,2562,19148,25,153,2354,7064,1072,97,195,100,20000,5000,0,10000,100,100,0,0,8,1,1,10000,1000,8800,200,1000,0,0,0,1,1,1,10000,10000,D,A,A,700,Shoes,Hairpin,Necklace,"['None', 'AyaneWeaponPassive01', 'None', 'None', 'None']",48,476,502,5016,249,2491,"['None', 'None', 'StreetBattleAdaptation_Base', 'None', 'None']","[0, 0, 2, 0, 0]"
Shizuko,23006,2000,2286,168,1687,2239,32465,119,716,1617,4853,200,602,200,100,20000,5000,0,10000,100,100,0,0,8,1,1,10000,1000,8800,200,1000,0,0,0,1,1,1,10000,10000,A,A,B,700,Shoes,Hairpin,Necklace,"['None', 'ShizukoWeaponPassive01', 'None', 'None', 'None']",67,667,831,8307,171,1712,"['None', 'None', 'IndoorBattleAdaptation_Base', 'None', 'None']","[0, 0, 1, 0, 0]"
Hanako,23007,2000,1628,164,1646,2531,18918,25,151,2384,7154,809,691,197,100,20000,5000,0,10000,100,100,0,0,15,3,1,10000,1000,8800,200,1000,0,0,0,1,1,1,10000,10000,A,D,A,700,Shoes,Hairpin,Necklace,"['None', 'CH0055WeaponPassive01', 'None', 'None', 'None']",65,651,496,4956,252,2522,"['None', 'None', 'OutdoorBattleAdaptation_Base', 'None', 'None']","[0, 0, 2, 0, 0]"
Mari,23008,2000,1086,147,1473,2130,15916,18,113,1695,5086,1041,105,210,100,20000,5000,0,10000,100,100,0,0,8,1,1,10000,1000,8800,200,800,0,0,0,1,1,1,10000,10000,D,A,A,700,Gloves,Bag,Necklace,"['None', 'CH0072WeaponPassive01', 'None', 'None', 'None']",58,582,417,4169,179,1793,"['None', 'None', 'StreetBattleAdaptation_Base', 'None', 'None']","[0, 0, 2, 0, 0]"
Chinatsu,26000,2000,1155,122,1227,2515,18803,25,150,2399,7199,1093,99,198,100,20000,5000,0,10000,100,100,0,0,15,1,1,10000,1000,8800,200,1000,0,0,0,1,1,1,10000,10000,B,B,B,700,Shoes,Hairpin,Necklace,"['None', 'ChinatsuWeaponPassive01', 'None', 'None', 'None']",43,431,438,4378,226,2256,"['None', 'None', 'IndoorBattleAdaptation_Base', 'None', 'None']","[0, 0, 1, 0, 0]"
Kotama,26001,2000,1145,140,1402,2245,16790,19,119,1612,4838,1101,100,200,100,20000,5000,0,10000,100,100,0,0,15,1,1,10000,1000,8800,200,1000,0,0,0,1,1,1,10000,10000,A,C,B,700,Shoes,Hairpin,Necklace,"['None', 'KotamaWeaponPassive01', 'None', 'None', 'None']",49,493,391,3910,152,1516,"['None', 'None', 'OutdoorBattleAdaptation_Base', 'None', 'None']","[0, 0, 1, 0, 0]"
Juri,26002,2000,2263,170,1704,2214,16549,118,708,1634,4904,203,609,203,100,20000,5000,0,10000,100,100,0,0,5,1,1,10000,1000,8800,200,1000,0,0,0,1,1,1,10000,10000,C,B,A,700,Shoes,Hairpin,Necklace,"['None', 'JuriWeaponPassive01', 'None', 'None', 'None']",60,599,385,3853,154,1537,"['None', 'None', 'StreetBattleAdaptation_Base', 'None', 'None']","[0, 0, 1, 0, 0]"
Serina,26003,2000,1596,167,1678,2482,18550,24,148,2431,7294,805,704,201,100,20000,5000,0,10000,100,100,0,0,20,1,3,10000,1000,8800,200,1000,0,0,0,1,1,1,10000,10000,A,C,B,700,Shoes,Hairpin,Necklace,"['None', 'SerinaWeaponPassive01', 'None', 'None', 'None']",59,590,432,4319,229,2286,"['None', 'None', 'OutdoorBattleAdaptation_Base', 'None', 'None']","[0, 0, 1, 0, 0]"
Shimiko,26004,2000,1578,192,1922,2211,16526,19,117,1637,4913,813,712,203,100,20000,5000,0,10000,100,100,0,0,20,1,3,10000,1000,8800,200,1000,0,0,0,1,1,1,10000,10000,C,A,B,700,Shoes,Hairpin,Necklace,"['None', 'ShimikoWeaponPassive01', 'None', 'None', 'None']",68,676,385,3848,154,1540,"['None', 'None', 'StreetBattleAdaptation_Base', 'None', 'None']","[0, 0, 1, 0, 0]"
Yoshimi,26005,2000,1596,268,2689,2232,16675,19,119,1622,4868,806,705,201,100,20000,5000,0,10000,100,100,0,0,20,1,3,10000,1000,8800,200,1000,0,0,0,1,1,1,10000,10000,B,B,B,700,Hat,Hairpin,Watch,"['None', 'YoshimiWeaponPassive01', 'None', 'None', 'None']",137,1371,563,5631,221,2212,"['None', 'None', 'IndoorBattleAdaptation_Base', 'None', 'None']","[0, 0, 1, 0, 0]"
Nodoka,26006,2000,1628,165,1658,2277,17020,20,121,1589,4769,1215,98,197,100,20000,5000,0,10000,100,100,0,0,15,3,1,10000,1000,8800,200,800,0,0,0,1,1,1,10000,10000,B,B,B,700,Gloves,Hairpin,Necklace,"['None', 'NodokaWeaponPassive01', 'None', 'None', 'None']",58,583,396,3963,150,1496,"['None', 'None', 'OutdoorBattleAdaptation_Base', 'None', 'None']","[0, 0, 1, 0, 0]"
Ui,10035,2000,1908,238,2388,2146,18610,19,114,1464,4392,190,941,209,100,20000,5000,0,10000,100,100,0,0,7,1,1,10000,750,8800,200,800,0,0,0,1,1,1,10000,10000,B,S,D,700,Gloves,Hairpin,Charm,"['None', 'CH0169WeaponPassive01', 'None', 'None', 'None']",105,1049,538,5381,0,0,"['None', 'None', 'OutdoorBattleAdaptation_Base', 'None', 'None']","[0, 0, 1, 0, 0]"
Hinata,10036,2000,984,174,1741,2222,22220,19,118,1416,4250,1086,101,202,100,20000,5000,0,10000,100,100,0,0,9,1,1,10000,650,8800,200,800,0,0,0,1,1,1,10000,10000,D,S,B,700,Hat,Hairpin,Watch,"['None', 'CH0073WeaponPassive01', 'None', 'None', 'None']",77,765,639,6390,0,0,"['None', 'None', 'OutdoorBattleAdaptation_Base', 'None', 'None']","[0, 0, 1, 0, 0]"
Marina,10037,2000,1264,145,1456,2715,45380,27,162,1532,4598,1303,109,218,100,20000,5000,0,10000,100,100,0,0,20,4,1,10000,350,8800,200,800,0,0,0,1,1,1,10000,10000,D,B,S,700,Shoes,Badge,Charm,"['None', 'CH0119WeaponPassive01', 'None', 'None', 'None']",64,639,1286,12859,0,0,"['None', 'None', 'IndoorBattleAdaptation_Base', 'None', 'None']","[0, 0, 1, 0, 0]"
